{
    "dataset": "f_26",
    "nesymres": {
        "mse": 13.442914009094238,
        "r2": -19.139989072447065,
        "equation": [
            "Abs(-0.481061013043543*x_1 + 0.327965875994824*x_2 + (x_2 + 0.407122607977438)/x_3)"
        ]
    },
    "symbolic": {
        "mse": 0.23581499523039923,
        "r2": 0.646705200122528,
        "equation": "(0.008749999999999999 + (0.00934 * sqrt(((3.0100000000000002 + (-3.95 * (-0.08905917862887684 + (0.39551147899331884 * x_1)))) + (0.09000000000000001 + (51.9 * abs((((-0.00775 + 1/((-0.333 * (-0.011390713223962283 + (0.3301770851149109 * x_2))))) + (0.741 + (17.900000000000002 * (-0.011390713223962283 + (0.3301770851149109 * x_2))))) * ((0.042 + (-39.4 * (-0.08905917862887684 + (0.39551147899331884 * x_1)))) + ((-0.058300000000000005 + (-0.7260000000000001 * (0.06970539409813564 + (0.3545026443145667 * x_0)))) * (61.300000000000004 + (0.00405 * (-0.011390713223962283 + (0.3301770851149109 * x_2))))))))))))))"
    },
    "tpsr": {
        "mse": 0.052298648506965514,
        "r2": 0.9216468802584918
    }
}