{
    "dataset": "f_28",
    "nesymres": {
        "mse": 2.06855845451355,
        "r2": 0.9532725227672483,
        "equation": [
            "0.206375163782754*x_2 + 0.225055616404638*x_3 + sin(x_2) + tan(x_1)"
        ]
    },
    "symbolic": {
        "mse": 44.258351950150406,
        "r2": 0.0002307268408572316,
        "equation": "(((-165.03464115932636 + tan((((-0.09070494191978261 + (0.3519513686351301 * x_0)) * ((0.02296233031681068 + (-0.05375141581813742 * (-0.09070494191978261 + (0.3519513686351301 * x_0)))) * (-0.07729043352846007 + (-51.0202571310002 * 1/(((-0.021475098292306413 + (3.1886719015600633 * exp((-0.782512231633683 * (0.08436825882149633 + (0.3554067160133316 * x_2)))))) + ((0.004614897899423827 + (1.0582132737711736 * (-0.18355691523370787 + (0.33986879250622243 * x_1)))) + (0.00592490307076524 + (3.183213179495359 * (-0.18355691523370787 + (0.33986879250622243 * x_1))))))))))) * (-57.28743413406404 + (5.172059269635263 * (-0.18355691523370787 + (0.33986879250622243 * x_1))))))) + (-165.01462161619017 + (35.21164759507636 * (-0.09070494191978261 + (0.3519513686351301 * x_0))))) * (0.000189055640913483 + (-0.00678494003232495 * 1/((2.677135114074603 + (-0.25924957310194513 * (-0.09070494191978261 + (0.3519513686351301 * x_0))))))))"
    },
    "tpsr": {
        "mse": 10.681493703683236,
        "r2": 0.7587115487622883
    }
}