{
    "dataset": "f_4",
    "nesymres": {
        "mse": 169001.9375,
        "r2": 0.04133333481895651,
        "equation": [
            "x_3*exp(x_1) + cos(7.01005913496698e-8*x_2)"
        ]
    },
    "symbolic": {
        "mse": 1854.58150544763,
        "r2": 0.9894798508456628,
        "equation": "((0.0396 + (0.8150000000000001 * cos((-2.49 * (0.1006936048197176 + (0.35578403004081227 * x_1)))))) + ((-0.315 + (0.554 * (-0.039064172504430957 + (0.35049592212420355 * x_2)))) + (0.00976 + (0.00953 * (((-0.0388 + (39.4 * exp((-2.52 + (-0.2670614903188131 + (0.35299763495655445 * x_0)))))) * ((0.0767 + (0.020300000000000002 * (-0.2670614903188131 + (0.35299763495655445 * x_0)))) * ((0.385 + (8.61 * (-0.039064172504430957 + (0.35049592212420355 * x_2)))) * (24.7 + (1.17 * cos((-0.00613 + (3.58 * (-0.2670614903188131 + (0.35299763495655445 * x_0)))))))))))**2))))"
    },
    "tpsr": {
        "mse": 30.860667549442496,
        "r2": 0.9998249422715212
    }
}