{
    "dataset": "f_78",
    "nesymres": {
        "mse": 610.0765380859375,
        "r2": 0.5825599320339865,
        "equation": [
            "1.02176752144971*x_1*x_2*Abs(x_1) + x_3**2"
        ]
    },
    "symbolic": {
        "mse": 118.2458877616832,
        "r2": 0.919091195600707,
        "equation": "(((((-4.47 * (0.058150439650769374 + (0.35876509023518116 * x_1))) * (-0.761 + (93.8 * (-0.03542985873157864 + (0.37037044228845156 * x_0))))) + (-34.7 + (-0.34900000000000003 * ((9.06 + (-37.7 * (0.2317324850321052 + (0.34144441392601055 * x_2)))))**2))) * (-0.0034 + (-0.00575 * sqrt((0.66 + (0.508 * ((0.47000000000000003 + (7.7 * (-0.03542985873157864 + (0.37037044228845156 * x_0)))))**2)))))) + (-0.0845 + (0.00095 * arctan((5.29 + (-0.00692 * ((-74.4 + (-92.5 * (-0.03542985873157864 + (0.37037044228845156 * x_0)))))**2))))))"
    },
    "tpsr": {
        "mse": 3.894253631967873,
        "r2": 0.9973353880515055
    }
}