{
    "dataset": "f_78",
    "nesymres": {
        "mse": 610.0765380859375,
        "r2": 0.5825599320339865,
        "equation": [
            "1.02176753021125*x_1*x_2*Abs(x_1) + x_3**2"
        ]
    },
    "symbolic": {
        "mse": 13.451068700269584,
        "r2": 0.9907962136609353,
        "equation": "((-7.8 + (-0.48800000000000004 * sqrt((90.2 + (0.9640000000000001 * ((-0.0868 + (63.5 * (-0.03542985873157864 + (0.37037044228845156 * x_0)))))**2))))) * (((((-0.008199999999999999 + (90.60000000000001 * (-0.03542985873157864 + (0.37037044228845156 * x_0)))) + (-2.63 + (0.00037 * ((-7.390000000000001 + (-18.5 * (0.2317324850321052 + (0.34144441392601055 * x_2)))))**3))) - (-7.69 + (1.79 * (-0.03542985873157864 + (0.37037044228845156 * x_0))))) * (0.00025 + (-0.0059499999999999996 * (0.058150439650769374 + (0.35876509023518116 * x_1))))) - ((0.338 + (-4.44 * (0.2317324850321052 + (0.34144441392601055 * x_2)))) * (0.06580000000000001 + (-0.135 * (0.2317324850321052 + (0.34144441392601055 * x_2)))))))"
    },
    "tpsr": {
        "mse": 3.8971947700026375,
        "r2": 0.9973333756012929
    }
}